Datetime,Water Level (m)
2026-02-13 12:00:00,0.07773833
2026-02-13 13:00:00,0.14514992
2026-02-13 14:00:00,0.1227704
2026-02-13 15:00:00,-0.003752744
2026-02-13 16:00:00,-0.19620754
2026-02-13 17:00:00,-0.40468526
2026-02-13 18:00:00,-0.58857226
2026-02-13 19:00:00,-0.70702094
2026-02-13 20:00:00,-0.71750474
2026-02-13 21:00:00,-0.63318115
2026-02-13 22:00:00,-0.49244675
2026-02-13 23:00:00,-0.33562553
2026-02-14 00:00:00,-0.20773663
2026-02-14 01:00:00,-0.15400673
2026-02-14 02:00:00,-0.19092439
2026-02-14 03:00:00,-0.30721834
2026-02-14 04:00:00,-0.4779487
2026-02-14 05:00:00,-0.66972345
2026-02-14 06:00:00,-0.81613994
2026-02-14 07:00:00,-0.8702221
2026-02-14 08:00:00,-0.81537974
2026-02-14 09:00:00,-0.6510947
2026-02-14 10:00:00,-0.39869484
2026-02-14 11:00:00,-0.12404932
2026-02-14 12:00:00,0.10337823
2026-02-14 13:00:00,0.2641751
2026-02-14 14:00:00,0.30221802
2026-02-14 15:00:00,0.19065584
2026-02-14 16:00:00,-0.024292367
2026-02-14 17:00:00,-0.29262534
2026-02-14 18:00:00,-0.55381143
2026-02-14 19:00:00,-0.75835407
2026-02-14 20:00:00,-0.8500991
2026-02-14 21:00:00,-0.8011307
2026-02-14 22:00:00,-0.63799113
2026-02-14 23:00:00,-0.4251842
2026-02-15 00:00:00,-0.20310047
2026-02-15 01:00:00,-0.049482
2026-02-15 02:00:00,-0.014849694
2026-02-15 03:00:00,-0.09491764
2026-02-15 04:00:00,-0.28798038
2026-02-15 05:00:00,-0.54371494
2026-02-15 06:00:00,-0.7811898
2026-02-15 07:00:00,-0.93529046
2026-02-15 08:00:00,-0.9679136
2026-02-15 09:00:00,-0.8570789
2026-02-15 10:00:00,-0.59995043
2026-02-15 11:00:00,-0.2709975
2026-02-15 12:00:00,0.042475663
2026-02-15 13:00:00,0.30220607
2026-02-15 14:00:00,0.43057585
2026-02-15 15:00:00,0.38017365
2026-02-15 16:00:00,0.17634813
2026-02-15 17:00:00,-0.12522252
2026-02-15 18:00:00,-0.46091175
2026-02-15 19:00:00,-0.7571194
2026-02-15 20:00:00,-0.94095904
2026-02-15 21:00:00,-0.962056
2026-02-15 22:00:00,-0.8186108
2026-02-15 23:00:00,-0.5622017
2026-02-16 00:00:00,-0.26949817
2026-02-16 01:00:00,-0.019633682
2026-02-16 02:00:00,0.10619194
2026-02-16 03:00:00,0.09737826
2026-02-16 04:00:00,-0.068589516
2026-02-16 05:00:00,-0.34761584
2026-02-16 06:00:00,-0.6597099
2026-02-16 07:00:00,-0.9147749
2026-02-16 08:00:00,-1.0521928
2026-02-16 09:00:00,-1.0340643
2026-02-16 10:00:00,-0.8234852
2026-02-16 11:00:00,-0.48069513
2026-02-16 12:00:00,-0.10439703
2026-02-16 13:00:00,0.24697264
2026-02-16 14:00:00,0.4798501
2026-02-16 15:00:00,0.5284942
2026-02-16 16:00:00,0.37250638
2026-02-16 17:00:00,0.07345313
2026-02-16 18:00:00,-0.30731437
2026-02-16 19:00:00,-0.6884218
2026-02-16 20:00:00,-0.967507
2026-02-16 21:00:00,-1.0849614
2026-02-16 22:00:00,-0.99988544
2026-02-16 23:00:00,-0.74628574
2026-02-17 00:00:00,-0.40232763
2026-02-17 01:00:00,-0.060329787
2026-02-17 02:00:00,0.1757099
2026-02-17 03:00:00,0.25375518
2026-02-17 04:00:00,0.15307651
2026-02-17 05:00:00,-0.11354928
2026-02-17 06:00:00,-0.46127492
2026-02-17 07:00:00,-0.80005336
2026-02-17 08:00:00,-1.0409095
2026-02-17 09:00:00,-1.1292865
2026-02-17 10:00:00,-1.0170282
2026-02-17 11:00:00,-0.7118454
2026-02-17 12:00:00,-0.31082094
2026-02-17 13:00:00,0.11027071
2026-02-17 14:00:00,0.44757965
2026-02-17 15:00:00,0.605612
2026-02-17 16:00:00,0.53942657
2026-02-17 17:00:00,0.27725384
2026-02-17 18:00:00,-0.109264545
2026-02-17 19:00:00,-0.55034626
2026-02-17 20:00:00,-0.9209598
2026-02-17 21:00:00,-1.1367545
2026-02-17 22:00:00,-1.1394485
2026-02-17 23:00:00,-0.9446412
2026-02-18 00:00:00,-0.5921572
2026-02-18 01:00:00,-0.18723835
2026-02-18 02:00:00,0.14917183
2026-02-18 03:00:00,0.34158424
2026-02-18 04:00:00,0.34078723
2026-02-18 05:00:00,0.13614811
2026-02-18 06:00:00,-0.1995094
2026-02-18 07:00:00,-0.588979
2026-02-18 08:00:00,-0.92776453
2026-02-18 09:00:00,-1.1322261
2026-02-18 10:00:00,-1.1362848
2026-02-18 11:00:00,-0.920098
2026-02-18 12:00:00,-0.5419207
2026-02-18 13:00:00,-0.08720545
2026-02-18 14:00:00,0.33634788
2026-02-18 15:00:00,0.59889936
2026-02-18 16:00:00,0.64500046
2026-02-18 17:00:00,0.45689836
2026-02-18 18:00:00,0.10335244
2026-02-18 19:00:00,-0.35735723
2026-02-18 20:00:00,-0.8016986
2026-02-18 21:00:00,-1.1122621
2026-02-18 22:00:00,-1.2335659
2026-02-18 23:00:00,-1.1230524
2026-02-19 00:00:00,-0.81714785
2026-02-19 01:00:00,-0.39140528
2026-02-19 02:00:00,0.024492364
2026-02-19 03:00:00,0.3287519
2026-02-19 04:00:00,0.44539708
2026-02-19 05:00:00,0.34213835
2026-02-19 06:00:00,0.053486828
2026-02-19 07:00:00,-0.32454765
2026-02-19 08:00:00,-0.72474915
2026-02-19 09:00:00,-1.0294799
2026-02-19 10:00:00,-1.1562188
2026-02-19 11:00:00,-1.0600262
2026-02-19 12:00:00,-0.7746266
